wasm.union14hj2tavq8fpesdwxxcu44rty3hh90vhujrvcmstl4zr3txmfvw9s3e9fe2/channel-2/3,true,1697169780,753,1697169780,753
wasm.union14hj2tavq8fpesdwxxcu44rty3hh90vhujrvcmstl4zr3txmfvw9s3e9fe2/channel-2/4,false,,,,
wasm.union14hj2tavq8fpesdwxxcu44rty3hh90vhujrvcmstl4zr3txmfvw9s3e9fe2/channel-2/9,true,1697169766,728,1697169766,728
wasm.union14hj2tavq8fpesdwxxcu44rty3hh90vhujrvcmstl4zr3txmfvw9s3e9fe2/channel-2/6,false,,,,
wasm.union14hj2tavq8fpesdwxxcu44rty3hh90vhujrvcmstl4zr3txmfvw9s3e9fe2/channel-2/2,false,,,,
ucs01-relay/channel-0/1,true,1697170678,864,1697170678,864
ucs01-relay/channel-0/2,true,1697170695,881,1697170695,881
ucs01-relay/channel-0/3,true,1697170827,883,1697170827,883
wasm.union14hj2tavq8fpesdwxxcu44rty3hh90vhujrvcmstl4zr3txmfvw9s3e9fe2/channel-2/1,false,,,,
wasm.union14hj2tavq8fpesdwxxcu44rty3hh90vhujrvcmstl4zr3txmfvw9s3e9fe2/channel-2/8,false,,,,
wasm.union14hj2tavq8fpesdwxxcu44rty3hh90vhujrvcmstl4zr3txmfvw9s3e9fe2/channel-2/5,false,,,,
wasm.union14hj2tavq8fpesdwxxcu44rty3hh90vhujrvcmstl4zr3txmfvw9s3e9fe2/channel-2/7,false,,,,
wasm.union14hj2tavq8fpesdwxxcu44rty3hh90vhujrvcmstl4zr3txmfvw9s3e9fe2/channel-2/10,true,1697169814,776,1697169814,776
